{"density_flag": 2.0, 
	"C01": -0.94209998846054077,
	"C11": 0.12139999866485596,
	"C21": -0.1648000031709671,
	"C02": -0.52670001983642578,
	"C12": 0.18719999492168427,
	"C22": -0.59829998016357422,
	"C03": -0.43119999766349792,
	"C13": 0.17149999737739563,
	"C23": -0.63330000638961792,
	"T": 286.0,
	"idk1": 0.0,
	"idk2": 0.0,
	"T_powerlaw": 0.46686259861486573,
	"n0": 1.134437388142796e-7,
	"alpha": 1.3370696705930281,
	"beta": 4.1415004157586637,
	"gamma": 0.94206179393358036,
	"mu": 0.1887317648909019,
	"idk4": -1.0,
	"idk5": -1.0,
	"idk6": -1.0,
	"idk7": -1.0,
	"idk8": 0.0,
	"idk9": 0.0,
	"idk10": 0.0,
	"idk11": -1.0,
	"idk12": -1.0,
	"Omega": 77.657955554097114,
	"i": 2.0335188072390769,
	"X0": 0.011887800744346281,
	"Y0": 0.0054765064662263777,
	"Z0": -0.0021530908020710744,
	"A1_sc": 0.20411939612669797,
	"A2_sc": 0.25521132892052301,
	"A3_sc": 0.21043660481632315,
	"idk13": 0.0,
	"E3_sc": 1.6598924040649741,
	"E4_sc": 0.99740908486652979,
	"E5_sc": 0.95766914805948866,
	"E6_sc": 1.0,
	"E7_sc": 0.73338832616768868,
	"E8_sc": 0.6478988180222407,
	"E9_sc": 0.67694205881047387,
	"E10_sc": 0.51912085401950736,
	"nB1": 5.589029040322837e-10,
	"dXB1": 8.7850534408713035,
	"dRB1": 1.5,
	"R0_B1": 3.0,
	"nuB1": 0.10000000149011612,
	"idk15": 0.05000000074505806,
	"pB1": 4.0,
	"idk17": 1.0,
	"idk18": 4.0,
	"OmegaB1": 80.0,
	"iB1": 0.56438265154389733,
	"X0_B1": 0.0,
	"Y0_B1": 0.0,
	"Z0_B1": 0.0,
	"A1_B1": 0.20411939612669797,
	"A2_B1": 0.25521132892052301,
	"A3_B1": 0.21043660481632315,
	"idk22": 0.0,
	"E3_B1": 1.6598924040649741,
	"E4_B1": 0.35926451958350442,
	"E5_B1": 1.0127926948497732,
	"E6_B1": 1.0,
	"E7_B1": 1.2539242027824944,
	"E8_B1": 1.5167023376593836,
	"E9_B1": 1.1317240279481993,
	"E10_B1": 1.3996145963796358,
	"nB2": 1.9877609422590801e-9,
	"dXB2": 1.9917032425777641,
	"dRB2": 0.94121881201651147,
	"idk23": 3.0,
	"nuB2": 0.89999997615814209,
	"idk24": 0.15000000596046448,
	"idk25": 4.0,
	"idk26": 1.0,
	"idk27": 4.0,
	"OmegaB2": 30.347475578624532,
	"iB2": 1.2000000476837158,
	"idk28": 0.0,
	"idk29": 0.0,
	"idk30": 0.0,
	"A1_B2": 0.20411939612669797,
	"A2_B2": 0.25521132892052301,
	"A3_B2": 0.21043660481632315,
	"idk31": 0.0,
	"E3_B2": 1.6598924040649741,
	"E4_B2": 0.35926451958350442,
	"E5_B2": 1.0127926948497732,
	"E6_B2": 1.0,
	"E7_B2": 1.2539242027824944,
	"E8_B2": 1.5167023376593836,
	"E9_B2": 1.1317240279481993,
	"E10_B2": 1.3996145963796358,
	"ignored_BZ0": 0.0,
	"ignored_BZ1":2.2000000476837158,
	"ignored_BZ2":1.0,
	"ignored_BZ3":3.0,
	"ignored_BZ4":0.10000000149011612,
	"ignored_BZ5":1.0,
	"ignored_BZ6":4.0,
	"ignored_BZ7":1.0,
	"ignored_BZ8":4.0,
	"ignored_BZ9":45.071308504270831,
	"ignored_BZ10":0.80000001192092896,
	"ignored_BZ11":0.0,
	"ignored_BZ12":0.0,
	"ignored_BZ13":0.0,
	"ignored_BZ14":0.20411939612669797,
	"ignored_BZ15":0.25521132892052301,
	"ignored_BZ16":0.21043660481632315,
	"ignored_BZ17":0.0,
	"ignored_BZ18":1.6598924040649741,
	"ignored_BZ19":0.35926451958350442,
	"ignored_BZ20":1.0127926948497732,
	"ignored_BZ21":1.0,
	"ignored_BZ22":1.2539242027824944,
	"ignored_BZ23":1.5167023376593836,
	"ignored_BZ24":1.1317240279481993,
	"ignored_BZ25":1.3996145963796358,
	"nB3": 1.4369827283512384e-10,
	"dXB3": 15.0,
	"dRB3": 1.5,
	"idk33": 3.0,
	"nuB3": 0.05000000074505806,
	"idk34": -1.0,
	"idk35": 4.0,
	"idk36": 1.0,
	"idk37": -1.0,
	"OmegaB3": 80.0,
	"iB3": 0.80000001192092896,
	"idk38": 0.0,
	"idk39": 0.0,
	"idk40": 0.0,
	"A1_B3": 0.20411939612669797,
	"A2_B3": 0.25521132892052301,
	"A3_B3": 0.21043660481632315,
	"A4_B3": 0.0,
	"E3_B3": 1.6598924040649741,
	"E4_B3": 0.35926451958350442,
	"E5_B3": 1.0127926948497732,
	"E6_B3": 1.0,
	"E7_B3": 1.2539242027824944,
	"E8_B3": 1.5167023376593836,
	"E9_B3": 1.1317240279481993,
	"E10_B3": 1.3996145963796358,
	"nSR": 1.8260527826501675e-8,
	"R_SR": 1.0281924326308751,
	"sigma_rSR": 0.02500000037252903,
	"sigma_zSR": 0.054068037356978099,
	"leading_blob_n": 0.0,
	"leading_blob_R": 0.9395587992822817,
	"leading_blob_dR": 0.066091589933821471,
	"leading_blob_theta": 15.0,
	"leading_blob_dtheta": 1.2678658656847597,
	"leading_blob_dZ": 0.1526921563128375,
	"trailing_blob_n": 2.0094267183590947e-8,
	"R_TB": 1.0579182694524214,
	"sigma_rTB": 0.10287314662396611,
	"theta_TB": -10.0,
	"sigma_thetaTB": 12.115210933938741,
	"sigma_zTB": 0.091442963768716023,
	"OmegaRB": 22.278979678854448,
	"iRB": 0.48707166006819241,
	"blob_X0": 0.0,
	"blob_Y0": 0.0,
	"blob_Z0": 0.0,
	"A1_SR": 0.20411939612669797,
	"A2_SR": 0.25521132892052301,
	"A3_SR": 0.21043660481632315,
	"A4_SR": 0.0,
	"E3_SR": 1.6598924040649741,
	"E4_SR": 1.0675116768340536,
	"E5_SR": 1.0608768682182081,
	"E6_SR": 1.0,
	"E7_SR": 0.87266361378785184,
	"E8_SR": 1.0985346556794289,
	"E9_SR": 1.1515825707787077,
	"E10_SR": 0.85763800994217443,
	"ignore": -1.0, "ignore": -1.0, "ignore": -1.0, "ignore": -1.0, "ignore": -1.0, "ignore": -1.0, "ignore": -1.0, "ignore": -1.0, "ignore": -1.0, "ignore": -1.0, "ignore": -1.0, "ignore": -1.0, "ignore": -1.0,
	"ignore": -1.0, "ignore": -1.0, "ignore": -1.0, "ignore": -1.0, "ignore": -1.0, "ignore": -1.0, "ignore": -1.0, "ignore": -1.0, "ignore": -1.0, "ignore": -1.0, "ignore": -1.0, "ignore": -1.0, "ignore": -1.0,
	"ignore": -1.0, "ignore": -1.0, "ignore": -1.0, "ignore": -1.0, "ignore": -1.0, "ignore": -1.0, "ignore": -1.0, "ignore": -1.0, "ignore": -1.0, "ignore": -1.0, "ignore": -1.0, "ignore": -1.0, "ignore": -1.0,
	"ignore": -1.0, "ignore": -1.0, "ignore": -1.0, "ignore": -1.0, "ignore": -1.0, "ignore": -1.0, "ignore": -1.0, "ignore": -1.0, "ignore": -1.0, "ignore": -1.0, "ignore": -1.0, "ignore": -1.0, "ignore": -1.0,
	"ignore": -1.0, "ignore": -1.0, "ignore": -1.0, "ignore": -1.0, "ignore": -1.0, "ignore": -1.0, "ignore": -1.0, "ignore": -1.0, "ignore": -1.0, "ignore": -1.0, "ignore": -1.0, "ignore": -1.0, "ignore": -1.0,
	"ignore": -1.0, "ignore": -1.0, "ignore": -1.0, "ignore": -1.0, "ignore": -1.0, "ignore": -1.0, "ignore": -1.0, "ignore": -1.0, "ignore": -1.0
}
